Title,Perusahaan,Kategori,Lokasi,Skills
Asisten Apoteker,apotik BJ,Asisten Apoteker,Jakarta Barat,"Meracik obat, menyiapkan obat, management farmasi, Pelayanan Informasi Obat, Swamedikasi, Monitoring efek samping obat dan Konseling"
Dokter Hewan,PT Wonderindo Pharmatama,Dokter Hewan,Jakarta Selatan,"Perizinan, Sudah melakasakan pelatihan penanggung jawab obat hewan PJTOH yang diselenggarakan oleh ASOHI"
Supervisor K3,PT. BENTENG PERKASA INDONESIA,Safety K3,Jakarta Barat,K3
Penanggung Jawab Klinik,KLINIK PARAMEDIKA,Manager Klinik,Bandung Kota,"Kepemimpinan, Managerial Organisasi"
Compliance,PT.KAHOINDAH CITRAGARMENT,Compliance Officer,Jakarta Utara,"Social Compliance include health and safety Betterwork, WRAP, SLCP, HIGG FSLM, BSCI, SMETA"
Penanggung Jawab Teknis BPOM,MedioHome,Penanggung Jawab Teknis,Jakarta Barat,"Memahami regulasi BPOM terkait produk kosmetik dan skincare. Bisa Microsoft Office Bisa mengerjakan administrasi, Menguasai regulasi kosmetik yang berlaku di Indonesia, termasuk peraturan dari BPOM"
Fisioterapis Anak,Mighty Moves,Fisioterapi dan Rehabilitasi,Tangerang Selatan,"Communication Skill, Team work dan koordinasi, Bahasa Indonesia Aktif, Bahasa Inggris Cukup, Lisan Cukup, Mau belajar dalam hal - hal baru, Memahami anak berkebutuhan khusus, Fisioterapi pediatric, Understanding of physiotherapy fundamentals"
Dokter Umum,Rumah Sakit Aulia,Dokter Umum,Jakarta Selatan,"Advance Cardiac Life Support, Advance Trauma Life Support"
Asisten Apoteker,Apotek BigBro,Asisten Apoteker,Badung,Menyerahkan obat sesuai Resep kepada pasien
Dokter Umum Estetika,Klinik Utama SKIN SLIM Specialist,Dokter Estetika,Jakarta Timur,"Memahami dasar-dasar ilmu di bidang estetika, Dapat Melakukan cheemical peeling"
Perawat Klinik,PT. Clinisindo Putra Perkasa,Perawat,Bandung Kota,"Bisa mengambil darah pasien Bisa operasionalkan Word dan Excell Mampu mengoperasikan alat-alat kesehatan, menyiapkan obat-obatanalat-alat untuk tindakan medis"
Staff HSE/K3,PT LOYAL JAYA ENERGI,Safety K3,Bandung Barat,MEMAHAMI DAN MENGERTI TERKAIT DOKUMEN K3HSE Mampu mengoperasikan ms office MAMPU MELAKUKAN PENGAWASAN
Branch Supervisor,PT Dentisteam Berkat Sejahtera,Branch Manager,Jakarta Pusat,"Problem Solving, Penjualan atau marketing, Komunikasi"
Perawat,KLINIK PARAMEDIKA,Perawat,Bogor,BTCLS Basic Trauma and Cardiac Life Support
Rekam Medis,PT. SAHID HUSADA INTERNASIONAL,Rekam Medis,Jakarta Pusat,"Leadership, Manajemen waktu, Target Oriented, Rekam Medis"
Bidan,KLINIK ALIFIN,Bidan,Pelalawan,"Konseling, membantu persalinan normal, Edukasi, KB, imunisasi., ANC Antenatal Care, Ke gawat darurat an Pasien"
Perawat Estetik (Nurse),E3A CLINIC,Perawat Kecantikan,Jakarta Timur,Infus dan Injeksi
Management Eksekutif,PT. Edelweiss Mandiri Perkasa,Manager Klinik,Bandung Kota,Komunikasi
Tenaga Teknis Kefarmasian (TTK),PT. Edelweiss Mandiri Perkasa,Apoteker & Farmasi,Bandung Kota,Farmasi dan Kesehatan Pengetahuan mendalam tentang produk farmasi dan regulasi kesehatan.
Fisioterapis,PT. Edelweiss Mandiri Perkasa,Fisioterapi dan Rehabilitasi,Bandung Kota,Komunikasi
Konsultan Kesehatan,PT. Edelweiss Mandiri Perkasa,Konsultan Kesehatan,Bandung Kota,Komunikasi
Dokter Spesialis Kulit Kelamin/Dermatologist (SpDVE),Alexa Grace,Dokter Spesialis Dermatologis,Jakarta Selatan,Mempunyai kemampuan interpersonal yang baik dan komunikasi yang baik
RO/ASRO,LUXE STAR SINERGIS,Optik,Denpasar,"Mampu berbahasa inggris, mampu mengoperasikan laptop atau komputer, Mampu menawarkan barang"
Bidan,Klinik Utama Apollo,Bidan,Jakarta Pusat,Microsoft Office
Perawat,Klinik Utama Apollo,Perawat,Jakarta Pusat,"Komunikatif, Perawat,"
Perawat Mata,Hes Group,Perawat,Bandar Lampung,Bisa melakukan pemeriksaan mata
ERT (Emergency Response Crew),PT. Daya Energi Teknik,Safety K3,Batulicin,"Microsoft Office, Microsoft Excel, Keselamatan dan Kesehatan Kerja, Analisa Kecelakaan Kerja"
Dokter Umum,PT Shoetown Ligung Indonesia,Dokter Umum,Majalengka,Bidang Medis
Penanggung Jawab Teknis,PT. Puremei Delicat Indonesia,Penanggung Jawab Teknis,Kabupaten Tangerang,"Jujur dapat diandalkan, Cekatan, Teliti Dalam Bekerja, Loyal dalam bekerja., Daya tahan yang tinggi dan mampu bekerja sama, dalam suatu regukelompok, Bertanggu Jawab dalam Pekerjaan"
Sales Marketing,PT.Ilham Akbar Bersama,Sales Marketing,Palembang,"marketing, Komunikasi dan interaksi"
Terapis Autisi (Penyandang Autisme),KID ABA Autism Center,Terapis Okupasi,Bekasi,"Hafal minimal Al-Fatihah, Ayat Kursi, Al-Ikhlas, Al-Falaq, An-Nas"
Dokter Umum,KLINIK PARAMEDIKA,Dokter Umum,Bekasi,"bisa mengerjakan tindakan medis gawat darurat, Diagnosis dan pengobatan penyakit"
Manager Pelayanan Penunjang Rumah Sakit,KLINIK PARAMEDIKA,Manager Rumah Sakit,Bekasi,Mampu berkoordinasi dengan direktur dalam rangka peningkatan mutu pelayanan medis 2. Mampu menjamin kelancaran tugas pelayanan medis 3. Mampu mengembangkan pelayanan dan penunjang medis di lingkunagan RS 4. Memiliki kemampuan komunikasi yang efekt
Asisten Perawat Gigi,Mydentismile,Asisten Perawat,Jakarta Pusat,Dental Assistant
Dokter Klinik Kecantikan,MAURE BEAUTY SKIN,Dokter Estetika,Bandar Lampung,Estetika
Fisioterapis,Fisioterapi Bandung Therapy dan Rehabiltasi Center,Fisioterapi dan Rehabilitasi,Bandung Kota,Fisioterapi
Internship Staff Trainer,Unison Training,Trainer,Bantul,"HRD, Fasilitator, Psikologi, Komunikasi"
Analis Kimia,PT INKABAJA PRESISI SEJAHTERA,Analis Laboratorium Medis,Tangerang,"MEMAHAMI MICROSOFT EXEL, WORD, E-MAIL, Kalibrasi peralatan laboratorium"
K3 Rumah Sakit,PT Insan Permata,Safety K3,Tangerang,"Memiliki sertifikasi K3 Umum Kemnaker, dengan kemampuan memastikan kepatuhan terhadap standar keselamatan di lingkungan kerja."
Veterinarian – Technical Product Trainer,PT Heli Pet Solutions,Dokter Hewan,Kabupaten Tangerang,"Negotiation, Presentation and Communication, Dokter hewan praktisi, general veterinary skills"
Ahli Gizi,SPPG MLATI LOR KUDUS,Gizi & Nutrisi,Kudus,"HACCP, Ahli Gizi"
Safety HSE Project,PT. Sentra Prima Utama Expertindo,Safety K3,Surabaya,Kemampuan komunikasi yang baik - Pemahaman terkait regulasi K3 dan manajemen risiko
Dokter Kecantikan,PT Medikpro Estetika Indonesia,Dokter Estetika,Jakarta Selatan,"Advance Skill Filler, Botox, Laser dan Tindakan Estetik"
Staff Regulatory,PT MENTENG INDAH SANTOSA,Regulatory Staff,Jakarta Selatan,"Microsoft Office, Bahasa Inggris, CDAKB"
Staff Refraksionis Optisien (RO),PT. OPHTHALINDO JAYA MANDIRI,Refraksionis Optisien,Tangerang Selatan,"Memiliki komunikasi yang baik, Keterampilan pelayanan refraksi, keterampilan pelayanan optisi dan keterampilan pelayanan lensa kontak"
Asisten Apoteker,CV. Trissa Sachi Corp,Asisten Apoteker,Gianyar,Asisten Apoteker
Asisten Apoteker,Danez Healthcare Indonesia,Asisten Apoteker,Purwakarta,"Melayani Customer, Farmasi dan Kesehatan Pengetahuan mendalam tentang produk farmasi dan regulasi kesehatan., Farmasi dasar komunikasi interpersonal yang baik teliti dan disiplin"
Asisten Keperawatan,Danez Healthcare Indonesia,Asisten Perawat,Bekasi,"Perawat Kesehatan, Administrasi kesehatan, termasuk pengisian formulir dan catatan medis"
Perawat,Apotek BigBro,Perawat,Badung,"Bahasa Indonesia, Bahasa Inggris, Mampu melakukan injeksi dan pasang infus Mengerti prosedur medis"
Perawat Pelaksana,PT. Diatrans Japindo Mitra Utama,Perawat Hemodialisa,Jakarta Timur,"Memiliki kemampuan komunikasi yang baik, Sertifikat Pelatihan Hemodialisis, Sertifikat Pelatihan Kegawatdaruratan"
Asisten Dokter Gigi,Kiaora Dental Studio,Asisten Dokter Gigi,Jakarta Selatan,Suction
Petugas Kasir Apotek,Apotek Anugerah,Kasir,Kota Yogyakarta,"Akuntansi, Akuntansi Dasar, Akuntansi dan Keuangan, Kesehatan, Farmasi, Farmasi apoteker, Farmasi Administrasi, Farmasi dan Kesehatan Pengetahuan mendalam tentang produk farmasi dan regulasi kesehatan."
Dokter Umum,PT. Nurra Eye Center Kerinci,Dokter Umum,Kerinci,Dokter umum harus menguasai berbagai pengetahuan dan keterampilan untuk menangani berbagai kondisi medis.
Apoteker,PT Medikpro Estetika Indonesia,Apoteker,Jakarta Selatan,"Farmasi, Ketrampilan dalam komunikasi"
Apoteker,Apotek Anugerah,Apoteker,Kota Yogyakarta,"Komputer, Kesehatan, Farmasi, Farmasi apoteker, Farmasi Administrasi, Farmasi dan Kesehatan Pengetahuan mendalam tentang produk farmasi dan regulasi kesehatan., Menguasai komputer, pembukuan dan HP"
Asisten Apoteker,Apotek Anugerah,Asisten Apoteker,Kota Yogyakarta,"Komputer, Kesehatan, Farmasi, Farmasi apoteker, Farmasi Administrasi, Farmasi dan Kesehatan Pengetahuan mendalam tentang produk farmasi dan regulasi kesehatan., Memahami farmakologi dan mampu menggunakan komputer"
Asisten Apoteker,Apotek Rave Pharma,Asisten Apoteker,Jakarta Selatan,Asisten Apoteker
Apoteker Pendamping,Apotek Rave Pharma,Apoteker Pendamping,Jakarta Selatan,Farmasi apoteker
Apoteker Penanggung Jawab,Apotek Rave Pharma,Apoteker Penanggung Jawab,Jakarta Selatan,memiliki Sertifikat Kompetensi Apoteker
Ahli Gizi,PT. ARA Indonesia,Gizi & Nutrisi,Jakarta Barat,Ahli Gizi
Ahli Gizi,PT. ARA Indonesia,Gizi & Nutrisi,Simalungun,Ahli Gizi
Ahli Gizi,Yayasan Alam Hayati Jumantara,Gizi & Nutrisi,Sukabumi,Kesehatan
Teknisi Electromedic,PT. CENDAWAN MEDICATAMA INDONESIA,Teknisi Elektromedis,Bekasi,"Dokumentasi, Kalibrasi, Electromedical"
Apoteker,Apotek BigBro,Apoteker,Badung,"Memberikan resep krim BPOM, racikan, treatment Basic dan Advance aestethic medicine., meracik obat, Informasi obat-obatan, menyetok obat dan alkes"
Dokter Hewan,Agro Berkah Harmoni,Dokter Hewan,Magetan,"Komunikasi dan interaksi, Perawatan hewan"
Perawat,Jaroemsadha Utomoclinic,Perawat,Jakarta Utara,Terapi Akupunktur
Regulatory Officer,PT ZHULIAN AZANA NETWORK,Regulatory Staff,Medan,"Komunikatif, OSS, Halal, Halal Assurance System, BPOM, BPOM Registrasi"
Medical Sales Executive (Alat & Benang Bedah),PT. Dharma Bhakti Mandiri,Medical Representative,Jakarta Timur,"marketing, Sales Marketing, Sales Marketing Strategy, Sales, Perawat IGD, Perawat ICU, Perawat Instrument di Ruang Operasi"
Magang Staff HSSE,PT Perkasa Abdi Bhuana,Safety K3,Bekasi,"Memahami prosedur Health Safety Security and Environment HSSE, Memiliki pengetahuan mengenai perizinan., Memiliki kompetensi yang baik dalam aspek office management, problem solving, planning dan communication skills., Mampu mengoperasikan MS"
Tenaga Ahli Dokter Perusahaan,PT Perkasa Abdi Bhuana,Dokter Umum,Bekasi,Menguasai software Microsoft Office
Medical Consultant,PT. Ruvi Rizqy Berkah,Dokter Estetika,Bekasi,Mampu memberikan konsultasi dan tindakan terkait pelayanan medis pada bidang estetika - Memiliki kemampuan komunikasi yang baik
Medical Assistant,PT. Ruvi Rizqy Berkah,Asisten Dokter,Tangerang Selatan,"Asisten dokter, Mampu Melakukan penilaian dan pemeriksaan fisik 2. Mampu berkomunikasi dengan baik"
Head Chef,Yayasan Karya Kencana Makmur,Head of Marketing,Bandung Barat,"Kemampuan memasak dalam skala besar (mass production cooking)., Food preparation & cooking technique tingkat profesional., Menu planning & recipe standardization., Food safety, hygiene, dan sanitasi (HACCP/CPPOB)., Manajemen stok dan kontrol bahan baku., Penggunaan peralatan dapur industri (steam kettle, oven besar, salamander, dll.)., Quality control makanan (rasa, tekstur, aroma, keamanan), Manajemen waktu dan pengambilan keputusan yang cepat., Komunikasi dan koordinasi yang baik dengan tim., Kemampuan bekerja cepat dan efisien di lingkungan dapur produksi."
Sales Farmasi,PT. SEMESTA MEGAH SENTOSA,Medical Representative,Semarang,"promosi dan penjualan, telemarketing, Komunikasi"
Dokter Spesialis Anak,KLINIK PARAMEDIKA,Dokter Spesialis Anak,Bekasi,dokter spesialis anak - Kemampuan komunikasi yang baik dengan anak dan orangtua
Dokter Hewan (Vet),PT HADIPRATA JAYA SATWA,Dokter Hewan,Badung,"Bidang Dokter Hewan Mampu mendiagnosa dan melakukan penanganan terhadap penyakit hewan, Menguasai skill kedokteran hewan Bisa berbahasa inggris Bisa menggunakan komputer Bisa mengendari sepeda motor"
HSE Officer,PT. Kita Energi Dunia,Safety K3,Surabaya,"Menguasai Microsoft office, Mampu membuat laporan safety, HSE PLAN, dan CSMS Menguasai Microsoft Office, Photoshop Mampu membuat Job Safety Analysis"
Staff Ahli Gizi,Yayasan Karya Kencana Makmur,Gizi & Nutrisi,Bandung Barat,"Kemampuan Memasak dan Menyiapkan Makanan Saya memiliki pengalaman sebagai cook helper, sehingga saya terbiasa dalam menyiapkan bahan makanan, menjaga kebersihan dapur, serta membantu proses memasak dengan efisien dan sesuai standar."
Asisten Dokter Gigi,Kini Dental,Asisten Dokter Gigi,Tangerang Selatan,"Penambalan Gigi, Pencabutan Gigi, Edukasi Kesehatan Gigi dan Mulut"
Asisten Apoteker,Rumah Sakit Aulia,Asisten Apoteker,Jakarta Selatan,Mampu membaca resep Mampu meracik obat Mampu menggunakan komputer
Nurse / Perawat,PT Jiwa Raga Sejahtera,Perawat Kecantikan,Jakarta Selatan,Keahlian dalam analisis data yang biasa diterapkan dalam perusahaan
Perawat,Skin Innovation Clinic,Perawat Kecantikan,Surabaya,"Perawat,"
Staff Rekam Medis,Klinik Sahid Sahirman Medical Centre,Rekam Medis,Jakarta Pusat,"Rekam Medis, Kompetensi rekam medis Coding, Assembling, Filling, Indexing dan pendaftaran"
Treatment Coordinator,PT Smile Lab Group Lamaison,Beauty Consultant,Jakarta Selatan,"Komunikatif dan kreatif, Percaya diri, aktif komunikatif, Melakukan upselling., Upselling, cross-selling, and closing deals"
Teknisi Alat Kesehatan,PT Danatek Indera Indonesia,Teknisi Elektromedis,Jakarta Timur,"Elektro, Ms.office"
Dokter Spesialis Rehab Medis SPKFR,PT Medikpro Estetika Indonesia,Dokter Spesialis,Jakarta Selatan,"Mampu mengoperasikan modalitas Trancutaneous Electrical StimulationTENS, Ultrasound, Diatermi"
Dokter Aesthetic,PT DUNIA INDAH MAKMUR,Dokter Estetika,Jakarta Pusat,"Injection, Threadlift, handling machine"
Analisis Mikrobiologi,PT Sampharindo Perdana,Analis Laboratorium Medis,Semarang,"Analisa obat QC, analisis lab, operasional produksi, quality control, administrasi"
Marketing Staff,PT Zeus Vascular,Medical Representative,Jakarta Timur,markerting
Fisioterapis Medik,Klinik Kurnia Mega Mas,Fisioterapi dan Rehabilitasi,Medan,"Aplikasi dan Program Komputer Microsoft Office, Website, Komunikatif, massage,, Fisioterapi, Melakukan sterilisasi alat yang telah digunakan, menguasai TENS dan Ultrasound, Okupasi, Ultrasound, TENS, Massage Cidera Olahraga"
Ahli Gizi,SPPG PASIRLUYU,Gizi & Nutrisi,Bandung Kota,Ahli Gizi
Manager Operasional,Sudami Jaya Medika,Manager Operasional,Bekasi,"Problem Solving, Communication, Decision making, Team Managament"
Apoteker,HnH Aesthetic Malang,Apoteker,Malang,"Mampu bekerja sama dalam kelompok maupun individu, Jujur, Teliti, Cekatan, motivasi tinggi Tanggung Jawab., Bisa membaca resep dan meracik obat - Memiliki komunikasi yang baik"
Tenaga Teknis Kefarmasian (TTK),PT Permata Damai Medika,Apoteker & Farmasi,Jakarta Selatan,"Microsoft Office, Pelayanan Kefarmasian, Cekatan dan dapat diandalkan, Meracik obat dengan baik dan benar sesuai resep dokter"
Perawat,WellClinic Indonesia,Perawat,Tangerang,"Bisa mengoperasikan Infus Pump, Syringe Pump, Monitor, EKG"
Perawat Klinik,Klinik Unihealth,Perawat,Kabupaten Tangerang,"Perawat Instrument di Ruang Operasi, Infus dan Injeksi"
Safety Officer,PT VANDO TEKNIK SOLUSI,Safety Officer,Gresik,"Safety Basic K3 DasarÂ Â Undang-Undang No.1 Tahun 1970, Jaminan Kecelakaan Kerja, K3 di tempat Kerja, Pekerjaan dan Resiko Kecelakaan Bersertifikasi Standar SKKNI"
Bidan,Klinik Ratnasari Sehat,Bidan,Bandung Kabupaten,Memiliki kemampuan komunikasi yang baik dan empati terhadap pasien - Menguasai dasar-dasar administrasi medis - Memahami dan mampu menjalankan tindakan kebidanan sesuai standar profesi
Dokter Umum,HnH Aesthetic Malang,Dokter Estetika,Malang,"Dermatologi kosmetik dan estetika, Microsoft (MS) Excel, Microsoft (MS) Powerpoint, Microsoft (MS) Word"
Perawat,PT Medikpro Estetika Indonesia,Perawat Kecantikan,Jakarta Selatan,Mampu mendampingi dokter dalam prosedur tindakan medis -Mandiri dan berkomunikasi dengan baik
Fisioterapis,PT Medikpro Estetika Indonesia,Fisioterapi dan Rehabilitasi,Jakarta Selatan,"Memiliki kemampuan untuk menangani berbagai kondisi medis dan menyesuaikan rencana terapi sesuai dengan kebutuhan pasien klien . -Memiliki pengetahuan yang baik mengenai anatomi, fisiologi dan biomekanika tubuh manusia. -Terbiasa menggunakan mesi"
Perawat,Vitacare,Perawat,Jakarta Selatan,"Perawat,, DRESSING LUKA"
Perawat Senior,Vitacare,Perawat,Jakarta Selatan,"keperawatan, Perawat,, DIABETES CARE, DRESSING LUKA"
Dokter Spesialist Urologi RSU Aulia,Rumah Sakit Aulia,Dokter Spesialis,Jakarta Selatan,"Mendiagnosis dan mengobati penyakit yang berkaitan dengan ginjal, kandung kemih, ureter, uretra, dan sistem reproduksi pria"
Senior Perawat ( S2 Keperawatan ),RS Ananda Group,Perawat,Bekasi,Keahlian klinis tingkat lanjut sesuai dengan spesialisasi keperawatan - Kemampuan manajerial dan kepemimpinan dalam mengelola tim keperawatan - Penyusunan kebijakan dan SOP keperawatan berdasarkan standar mutu dan keselamatan pasien - Kemampuan mel
Apoteker,RS Ananda Group,Apoteker,Bekasi,"Pengetahuan Obat dan Terapi Memahami berbagai jenis obat, dosis, efek samping, dan interaksi obat. Ini mencakup pengetahuan tentang obat-obatan generik dan bermerek serta terapi yang tepat untuk berbagai kondisi medis. Penyusunan dan Pengelolaan Rese"
Perawat Umum,RS Ananda Group,Perawat,Bekasi,Komunikatif dan sopan kepada pasien dan rekan sejawat - Mampu menerangkan dan Cakap kepada pasien untuk tindakan yang akan di lakukan
Refraksionis Optisien (RO),PT. Nurra Eye Center Kerinci,Refraksionis Optisien,Kerinci,"Dapat mengoperasikan alat periksa mata seperti Phoroptor, Snellen chart, Autorefraksi dan Lensometer - Mampu memotong lensa atau yang biasa disebut teknik faset - Memiliki skill komunikasi yang bagus - Memiliki kemampuan dalam refraksi mata - Mampu"
HSE Staff,PT Sohou Kikaku Indonesia,Health and Safety Enviromental / HSE,Bekasi,"Management SDM, Health and Safety Environmental HSE, K3"
Teknisi Elektromedik (ATEM),RS Ananda Group,Teknisi Elektromedis,Bekasi,Mahir mengoperasikan komputer dan mengerti ms.office - Pemahaman dalam pemeliharaan dan perbaikan sarana dan prasarana medis yang ada di lingkungan Rumah Sakit sesuai dengan standar yang ditetapkan
Asisten Apoteker,Klinik Ratnasari Sehat,Asisten Apoteker,Bandung Kabupaten,Memiliki komunikasi yang baik Memiliki kemampuan dalam membaca resep Mengelola data
Dokter Spesialis Rehabilitasi Medik,RS Ananda Group,Dokter Spesialis Orthopedi,Bekasi,Dapat menentukan rencana tatalaksana atau program perawatan dan pengobatan sesuai dengan riwayat kesehatan pasien
Dokter Spesialis Jantung,RS Ananda Group,Dokter Spesialis Jantung,Bekasi,"Pemahaman mendalam tentang penyakit jantung dan pembuluh darah - Kemampuan menganalisis hasil pemeriksaan medis EKG, echocardiography, dll. - Keterampilan komunikasi yang baik"
Dokter Gigi Spesialis Bedah Mulut,RS Ananda Group,Dokter Gigi,Bekasi,"Pemahaman mendalam tentang anatomi mulut, rahang, dan struktur wajah Kemampuan melakukan berbagai prosedur bedah oral dan maksilofasial Keterampilan komunikasi yang baik untuk memberikan edukasi kepada pasien Kemampuan analisis dan diagnosis yang aku"
Terapis Okupasi,RS Ananda Group,Terapis Okupasi,Bekasi,Mampu mengoperasikan microsoft office Bersedia menangani pasien anak dan dewasa Terapi Okkupasi
HSE Officer,PT Mitra Purnama Engineering,Health and Safety Enviromental / HSE,Lombok,"Memahami peraturan dan standar HSE yang berlaku, seperti UU Ketenagakerjaan, Permenaker No. 5 Tahun 1996, ISO 45001 Keselamatan amp Kesehatan Kerja, dan ISO 14001 Manajemen Lingkungan. 2. Mampu melakukan Hazard Identification, Risk Assessmen"
Apoteker,Rumah Sakit Aulia,Apoteker,Jakarta Selatan,Pemahaman terhadap penggunaan obat yang aman dan efektif untuk mendukung perawatan pasien di rumah sakit
Rigger,PT FICO INDO REKAYASA,Safety K3,Bekasi,Memahami tipe tools yang dipakai
Nutritionist,PT ZHULIAN AZANA NETWORK,Gizi & Nutrisi,Medan,"Strong public speaking and presentation skills - Solid knowledge of nutritional science and dietary planning - Familiar with wellness consultation, customer engagement, and health product promotion"
Perawat Umum / Gigi,Klinik Kurnia Mega Mas,Perawat Gigi,Medan,"Memiliki kemampuan komunikasi yang baik, Menguasai Ms. Office dan aplikasi handphone"
Compliance Officer,PT. Tirta Bahtera Sejahtera,Safety K3,Tangerang,"Paham regulasi dan perundang-undangan, Memahami regulasi terkait industri manufaktur seperti SMK3, ISO, izin usaha, dan standar industri lainnya., Mampu menyusun SOP dan laporan audit dengan sistematis dan akurat., Memiliki pengalaman dalam hal"
Perawat,Klinik Ratnasari Sehat,Perawat,Bandung Kabupaten,Mampu melakukan tindakan keperawatan - Memiliki kemampuan komunikasi yang baik
HSE Officer,PT. Timur Adi Raya,Safety K3,Bekasi,"Adobe Ilustrator, Microsoft Office, Microsoft Excel, Ms. Outlook, Canva, memahami ISO 140012015, 90012015, dan 450012018, Dapat menggunakan Adobe Ilustator dan InDesign dan Canva, Microsoft (MS) Powerpoint"
Terapis,CV Wongso Sejahtera,Terapis Massage,Jakarta Barat,Terapis
Perawat Hemodialisa,Primaya Hospital Tangerang,Perawat Hemodialisa,Tangerang,Mampu mengoperasikan mesin hemodialisa - Pemahaman terhadap penanganan kegawatdaruratan
Perawat ICU,Primaya Hospital Tangerang,Perawat,Tangerang,"Pemahaman mendalam tentang asuhan keperawatan intensif, Kemampuan membaca dan menganalisis tanda vital dan hasil penunjang medis, Terlatih dalam penanganan kondisi kritis dan penggunaan alat ICU, Memiliki sertifikat pelatihan ICU Dasar, Memiliki ser"
Staff HSSE,WIRA JAYA KOTTAMAN,Health and Safety Enviromental / HSE,Jakarta Utara,Pemahaman tentang peraturan keselamatan dan kesehatan kerja yang berlaku di Indonesia. - Keterampilan analitis yang baik untuk mengidentifikasi dan menyelesaikan masalah keselamatan. - Kemampuan untuk bekerja dalam tim
Apoteker,PT Wonderindo Pharmatama,Apoteker,Jakarta Selatan,"Analisis Farmasi, CPOHB, BPOM Registrasi"
Dokter Umum Pelaksana Hemodialisa,Rumah Sakit Aulia,Dokter Umum,Jakarta Selatan,Dokter umum menguasai hemodialisa
Staff Radiologi,Rumah Sakit Aulia,Radiografer,Jakarta Selatan,Mampu mengoperasikan alat rontgen dengan baik dan benar. - Memahami prinsip dasar keselamatan radiasi. - Terampil bekerja dalam tim medis dan mengikuti arahan dokter.
Perawat Rumah Sakit,Rumah Sakit Aulia,Perawat,Jakarta Selatan,Dapat menggunakan Komputer
Asisten Keperawatan,Klinik Ratnasari Sehat,Perawat,Bandung Kabupaten,"Mampu berkomunikasi dengan baik - Siap belajar, disiplin - Mampu melakukan tindakan dasar keperawatan"
HSE / Ahli K3 Umum,PT. Vetira Pribadi Kreasi,Safety K3,Jakarta Barat,"Pengetahuan dalam prosedur HSE, SMK3, dan pengelolaan risiko keselamatan. - Kemampuan memimpin tim dengan kepemimpinan yang baik. - Mampu bekerja di bawah tekanan dan memiliki kemampuan manajemen SDM. Mahir dalam menggunakan Microsoft Office dan ap"
Dokter Umum,Klinik Ratnasari Sehat,Dokter Umum,Bandung Kabupaten,"Microsoft Office, Dokter umum"
Compliance Officer,PT. FORMOSA INGREDIENT FACTORY,Safety K3,Kabupaten Tangerang,"Dapat membuat program terkait K3 dan SOP yang akan digunakan, Dapat membuat laporan dan mampu menganalisis data HSE, Memiliki kemampuan mengidentifikasi bahaya dan menilai resiko bahaya pada perusahaan, Memiliki pengetahuan yang baik tentang Kes"
"Staff Health, Safety, Environment (HSE)",PT. Sebastian Jaya Metal,Health and Safety Enviromental / HSE,Bekasi,"mampu berkomunikasi dengan baik, Menguasai microsoft excel., Mampu bekerja sama dalam tim dan individu, Mampu menganalisis masalah dan pemecahan masalah, Memahami Undang-Undang Nomor 13 tahun 2003, Undang-Undang Nomor 1 Tahun 1970, dan Peraturan"
Perawat,KLINIK PARAMEDIKA,Perawat,Bandung Kota,Memiliki keahlian di bidang keperawatan STR Aktif 2. Memiliki sertifikat BTCLS 3. Memiliki komunikasi yang baik 4. Bisa mengemudikan mobil dan memiliki SIM A
HSE ( Healthy Safety Environment ) Staf,PT. Suly Bersama Jaya Steel,Health and Safety Enviromental / HSE,Bekasi,Mengetahui UU Keselamatan dan Kesehatan Kerja 2. Dapat mengoperasikan komputer dengan baik word dan Excel
Perawat Poli THT (Audiologi),Rumah Sakit Aulia,Perawat,Jakarta Selatan,Mampu mengoperasikan alat audiometri dengan baik dan akurat. - Memahami prosedur pemeriksaan pendengaran dan standar keselamatan pasien.
Perawat,HnH Aesthetic Malang,Perawat,Malang,"injeksi, Injeksi dan infus, Bisa melakukan injeksi dan infus dengan baik."
Analis Kesehatan,Klinik Kurnia Mega Mas,Analis Kesehatan,Medan,"Memiliki kemampuan komunikasi yang baik, Menguasai Ms. Office dan aplikasi handphone"
Perawat Hemodialisa,Rumah Sakit Aulia,Perawat Hemodialisa,Jakarta Selatan,Mempunyai keahlian untuk pelayanan Dialisis
Scaffolder,PT FICO INDO REKAYASA,Safety K3,Bekasi,"Pengetahuan akan pemeliharaan tools, alat angkat dan angkut"
Site Safety Officer,PT Mitra Purnama Engineering,Safety K3,Lombok,"Manajemen proyek, Bekerja sama dalam tim, Tanggap, cekatan, dan mampu meyesuaikan diri dengan lingkungan., Ahli K3 Umum Sertifikat Kemenaker, Kemampuan Analisis yang Baik"
Dokter Spesialis Saraf,Rumah Sakit Aulia,Dokter Spesialis,Jakarta Selatan,Mampu bekomunikasi dengan baik
Health and Safety Enviromental (HSE) / K3,PT ICON TERPADU INDONESIA,Health and Safety Enviromental / HSE,Surabaya,Kemampuan komunikasi yang baik Memahami regulasi K3 Mampu mengoperasikan komputer dengan baik Kemampuan observasi yang baik Memiliki keterampilan pemecahan masalah dan pengambilan keputusan yang baik Kemampuan menyusun skala prioritas.
Bidan,Klinik Kurnia Mega Mas,Bidan,Medan,"Memiliki kemampuan komunikasi yang baik, Menguasai Ms. Office dan aplikasi handphone"
Asisten Apoteker,Klinik Kurnia Mega Mas,Asisten Apoteker,Medan,"Memiliki kemampuan komunikasi yang baik, Menguasai Ms. Office dan aplikasi handphone, Menguasai dan memahami berbagai jenis Obat-obatan dan kegunaannya"
HSE Officer,PT. SATOIL,Health and Safety Enviromental / HSE,Tangerang Selatan,"Mengerti tentang HSE, seperti CSMS, HSE Plan, Dll. Bisa menggunakan MS Office Mengerti berbahasa Inggris"
Dokter Umum,Klinik Kurnia Mega Mas,Dokter Umum,Medan,"Mampu memberikan pelayanan Kesehatan Umum dasar dan Konsultasi kesehatan., Mampu menjelaskan kondisi kesehatan pasien secara mudah dipahami, ramah dan sopan"
Perawat Gigi,Klinik Dental Theory,Perawat Gigi,Jakarta Timur,Menguasai dasar-dasar asisten perawat gigi - Dapat berkomunikasi dengan baik dan bekerjasama Tim - menguasai ms office
Dokter Gigi,Klinik Kurnia Mega Mas,Dokter Gigi,Medan,"Mampu mmemberikan pelayanan Kesehatan Gigi dasar Cabut gigi, tambalan gigi, merapikan gigi, pembuatan gigi palsu, dll - Mampu melakukaan Konsultasi kesehatan Gigi dan Mulut."
Safety Officer,PT FICO INDO REKAYASA,Safety Officer,Bekasi,"1 Menguasa tentang dunia HSE terutama di Jasa Food amp, Beverages 2 Mahir di MS. Office Word, Excel, Power Point dan Drawing 3 Memahami dan mengetahui standard Safety perusahaan khususnya di Food amp, Beverage Makanan dan minuman"
Staff Penanggung Jawab Teknis,PT MENTENG INDAH SANTOSA,Penanggung Jawab Teknis,Bekasi,"Kemampuan komunikasi yang baik., Bisa Mengoperasikan Komputer Terutama Ms. Office"
Safety Officer (Support Operasional Transport),PT ANBANI ABADI,Safety K3,Bogor,"Microsoft Office, M.SDM Rekrutmen dan Seleksi, Pelatihan Karyawan, Penilaian Kinerja Karyawan, Attendance, Membuat SOP, Keselamatan dan Kesehatan Kerja K 3, Hubungan Indusrial dan HRIS Human Resources information System,, Ahli K3 Umum tersertifikasi"
HSE Safety,PT BRINGIN JATI INDAH,Safety K3,Jepara,"k3, HSE,"
Sales Executive Alat Kesehatan,PT Ava Tri Medical,Medical Representative,Jakarta Pusat,"Komunikasi dan negosiasi dengan baik., Penjualan dan Pemasaran produk farmasi, Penjualan atau marketing"
Terapi Wicara,Precious Kids,Terapis Wicara,Jakarta Utara,Kompetensi terapi wicara
